Year,Position Title,Minimum Annual Base Rate,Maximum Annual Base Rate
2023,311 Business Advisor,76604,102411
2023,311 Coordinator,80640,121760
2023,311 Subject Matter Expert,56966,76185
2023,911 Support Analyst,76604,121430
2023,Ability Advisor,68778,92001
2023,Access and Privacy Analyst,80444,107544
2023,Access Calgary Scheduler,64075,95513
2023,Accessible Services Operator*,42962,58773
2023,Account Administrator,60661,81172
2023,Accounting Project Coordinator,80444,107544
2023,Account Management Coordinator,64628,86432
2023,Accounts Payable Analyst,56966,76185
2023,Accounts Receivable Analyst,60661,81172
2023,Acquisition Specialist,72946,97497
2023,Addressing Analyst,64628,86432
2023,Addressing Planning Analyst,72946,97497
2023,Adjunct Training Officer,128856,128856
2023,Administration Leader,80640,121760
2023,Administrative Lead,91425,140027
2023,Administrative Support CHC (Pay Level 4),49322,65902
2023,Administrative Support CHC (Pay Level 5),53526,71526
2023,Administrative Support CHC (Pay Level 6),56966,76185
2023,Administrative Support CHC (Pay Level 7),60661,81172
2023,Administrative Support CHC (Pay Level 8),64628,86432
2023,Administrative Support (Pay Level 3),43116,57676
2023,Administrative Support (Pay Level 4),46756,65902
2023,Administrative Support (Pay Level 5),50796,71526
2023,Administrative Support (Pay Level 6)*,54072,87069
2023,Administrative Support (Pay Level 7),60661,81172
2023,Administrative Support (Pay Level 8),64628,86432
2023,Administrative Support (Pay Level 9),68778,92001
2023,Administrative Support (Pay Level B),52821,78607
2023,Administrative Support (Pay Level C),64075,95513
2023,Administrative Support Supervisor CHC,72674,108190
2023,Administrative Support Supervisor (Pay Level C),64075,95513
2023,Administrative Support Supervisor (Pay Level D),72674,108190
2023,Advanced Metering Infrastructure Program Manager,91425,140027
2023,Alterations Specialist,65104,87069
2023,Analytical Chemist,84412,112949
2023,Animal Behaviour Coordinator,83366,111426
2023,Animal Health Technologist,72946,97497
2023,Anti-Racism Strategic Advisor,76604,102411
2023,Anti-Racism Strategic Advisor CHC,76604,102411
2023,Appeals Specialist,72946,97497
2023,Appliance Service Technician,66315,73448
2023,Application Administrator (Pay Level 11),76604,102411
2023,Application Administrator (Pay Level 9),68778,92001
2023,Application Analyst,76604,102411
2023,Application Analyst CHC,76604,102411
2023,Application Data Analyst,72946,97497
2023,Application Processing Coordinator,72674,108190
2023,Applications and Inquiries Coordinator,80640,121760
2023,Applications Processing Representative,60661,81172
2023,Applications Support Analyst,68778,92001
2023,Application Support Analyst,68778,92001
2023,Approvals Coordinator,80640,121760
2023,Architect,80640,121760
2023,Archivist,76604,102411
2023,Arena and Athletic Park Attendant,66315,73448
2023,Art Centre Specialist,60661,81172
2023,Arts and Culture Strategist,80444,107544
2023,Asphalt and Crusher Plant Technician,72946,97497
2023,Assessment Assistant,45427,60752
2023,Assessor,68778,92001
2023,Asset Administrator 1,56966,76185
2023,Asset Administrator 2,64628,86432
2023,Asset Analyst,68778,92001
2023,Asset Management Analyst,72674,108190
2023,Asset Management GIS Technician,68778,92001
2023,Asset Management Lead,80640,121760
2023,Asset Management Strategist CHC,72946,97497
2023,Asset Management Technician (Pay Level 10),72946,97497
2023,Asset Management Technician (Pay Level 9),68778,92001
2023,Asset Management Technologist (Pay Level 10),72946,97497
2023,Asset Management Technologist (Pay Level 8),64628,86432
2023,Asset Systems Coordinator,80640,121760
2023,Assistant Deputy Chief,91425,140027
2023,Assistant Deputy Chief 911 Operational Effectiveness,91425,140027
2023,Assistant Deputy Chief 911 Operations,91425,140027
2023,Assistant Roadmaster,70138,78478
2023,Assistant Transit Scheduler,46756,62572
2023,Associate Assessor,80444,107544
2023,Associate Economist,72674,108190
2023,Attendance Management Analyst,64628,86432
2023,Audit Manager Information Technology,101739,160067
2023,Auto Body Technician Apprentice,67246,89981
2023,Auto Body Technician Journeyperson 1,84614,94723
2023,Auto Body Technician Journeyperson 2,88837,99466
2023,Automotive Mechanic Journeyperson 1,84614,94723
2023,Automotive Mechanic Journeyperson 2,88837,99466
2023,Automotive Service Technician,89856,99528
2023,Automotive Service Worker 2,69805,77314
2023,Banking and Payments Analyst,64628,86432
2023,Banking Lead,80640,121760
2023,Bank Payment and Cash Operations Leader,91425,140027
2023,Battalion Chief,162599,162599
2023,Benefits and Pensions Financial Specialist,76604,102411
2023,Benefits Liaison,64628,86432
2023,Benefits Pay Administrator,64628,86432
2023,Boom Truck Operator Journeyperson,66315,73448
2023,Boulevard Maintenance Technician,83366,111426
2023,Bridge Operations Technologist,76604,102411
2023,Budget and Financing Analyst,72674,108190
2023,Building Inventory Technician,72946,97497
2023,Building Maintenance Lead Hand,72578,80443
2023,Building Maintenance Service Coordinator CHC,80640,121760
2023,Building Maintenance Worker CHC,66315,73448
2023,Building Maintenance Worker (Pay Level 2),62837,69634
2023,Building Maintenance Worker (Pay Level 3)*,66315,77314
2023,Building Regulations Control Officer,84412,112949
2023,Business Analyst CHC (Pay Level 6),56966,76185
2023,Business Analyst CHC (Pay Level 8),64628,86432
2023,Business Analyst (Pay Level 10),72946,97497
2023,Business Analyst (Pay Level 11),76604,102411
2023,Business Analyst (Pay Level 9),68778,92001
2023,Business Analyst (Pay Level D),72674,108190
2023,Business Analyst (Pay Level E),80640,121760
2023,Business and Asset Strategies Lead,91425,140027
2023,Business and Data Analyst (Pay Level 10),72946,97497
2023,Business and Data Analyst (Pay Level 8),64628,86432
2023,Business and Legislative Systems Coordinator,64628,86432
2023,Business and Local Economy Strategic Consultant,80640,121760
2023,Business and Operations Specialist,80444,107544
2023,Business and Policy Planner (Pay Level 11),76604,102411
2023,Business and Policy Planner (Pay Level E),80640,121760
2023,Business and Policy Planning Lead,91425,140027
2023,Business Application Coordinator,80640,121760
2023,Business Approvals Representative,64628,86432
2023,Business Change and Process Consultant,80640,121760
2023,Business Change and Process Specialist,80640,121760
2023,Business Change and Process Specialist CHC,72946,97497
2023,Business Continuity and Emergency Planner,80640,121760
2023,Business Continuity and Recovery Planner,80640,121760
2023,Business Continuity Emergency Planner,80640,121760
2023,Business Coordinator,80640,121760
2023,Business Improvement Area Coordinator,68778,92001
2023,Business Improvement Strategist,76604,102411
2023,Business Information Analyst,72946,97497
2023,Business Intake Coordinator,64628,86432
2023,Business Lead Clothing Online Project,80640,121760
2023,Business Liaison,64628,86432
2023,Business Operations Analyst (Pay Level 9),68778,92001
2023,Business Operations Analyst (Pay Level E),80640,121760
2023,Business Operations Supervisor,80640,121760
2023,Business Partner Workplace Solutions,91425,140027
2023,Business Performance Analyst (Pay Level 10),72946,97497
2023,Business Performance Analyst (Pay Level 8),64628,86432
2023,Business Performance Analyst (Pay Level 9),68778,92001
2023,Business Performance Strategist (Pay Level 11),76604,102411
2023,Business Performance Strategist (Pay Level E),80640,121760
2023,Business Performance Team Lead,80640,121760
2023,Business Planner,76604,102411
2023,Business Planner CHC,76604,102411
2023,Business Process Analyst,76604,102411
2023,Business Strategies Advisor,72946,97497
2023,Business Strategist (Pay Level 11),76604,102411
2023,Business Strategist (Pay Level 12),80444,107544
2023,Business Strategist (Pay Level 14),88725,118573
2023,Business Strategist (Pay Level E),80640,121760
2023,Business Support Lead,80640,121760
2023,Business Support Specialist,76604,102411
2023,Business Support Team Leader,68778,92001
2023,Business Support Technical Analyst,72946,97497
2023,Business Systems Steward,64628,86432
2023,Business Systems Technologist,68778,92001
2023,Business Technology Analyst (Pay Level 10),72946,97497
2023,Business Technology Analyst (Pay Level 11),76604,102411
2023,Business Technology Coordinator,80640,121760
2023,Business Technology Technologist,68778,92001
2023,Buyer,68778,96624
2023,Buyer Assistant,56966,76185
2023,Buyer Assistant CHC,56966,76185
2023,Bylaw Property Custodian,60661,81172
2023,Calgary Transit Relations Specialist,76604,102411
2023,Calgro Driver/Operator 1,62837,69634
2023,Calgro Driver/Operator 2,66315,73448
2023,Call Center Lead,64075,95513
2023,Capacity Specialist,80640,121760
2023,Capital Accountant,72946,97497
2023,Capital Construction Coordinator,91936,122907
2023,Capital Delivery Coordinator,80640,121760
2023,Capital Investment Consultant,80640,121760
2023,Capital Planning Lead,80640,121760
2023,Capital Portfolio Lead,80640,121760
2023,Carpenter Journeyperson*,85363,99528
2023,Cart Maintenance Man,62837,69634
2023,Cash Control Analyst,60661,81172
2023,Cash Processor,58053,77605
2023,Category and Strategic Sourcing Analyst,80444,107544
2023,Cemeteries Administrative Coordinator,68778,92001
2023,Cemeteries Lead,91425,140027
2023,Cemeteries Operations Superintendent,80640,121760
2023,Cemetery Salesperson,64628,86432
2023,Cemetery Worker,62837,69634
2023,Chief Calgary Emergency Agency and 9-1-1,114863,183107
2023,Chief Cash Controller,80640,121760
2023,Chief Community Standards,114863,183107
2023,Chief Engineer/Director Business and Engineering Services,136000,207000
2023,Chief Executive Officer Green Line,197500,333000
2023,Chief Finance and Risk Officer CHC,101739,160067
2023,Chief Financial Officer/General Manager Corporate Planning and Financial Services,197500,333000
2023,Chief Fire Mechanic,141856,141856
2023,Chief Human Resources Officer,161000,248500
2023,Chief Information Technology Officer,161000,248500
2023,Chief of Staff CHC,80640,121760
2023,Chief of Staff City Manager's Office,136000,207000
2023,Chief Operating Officer Green Line,197500,333000
2023,Chief Public Vehicles Standards,114863,183107
2023,Chief Security Officer,136000,207000
2023,Circulations Strategist,80640,121760
2023,Citizen Recognition Events and Protocol,64628,86432
2023,City Archives Coordinator,80640,121760
2023,City Manager,265000,350000
2023,"City Solicitor and General Counsel/General Manager Law, Legislative Services and Security",197500,333000
2023,Civic Partnership Consultant,80640,121760
2023,Claims Adjuster,68778,92001
2023,Climate Governance Strategist,80444,107544
2023,Close Protection Specialist,72674,108190
2023,Clubhouse Coordinator,70168,93840
2023,Codes Officer,72674,108190
2023,Collection Contract and Billing Coordinator,64628,86432
2023,Collections Officer,68778,92001
2023,Commercial Leasing Agent,80444,107544
2023,Commercial Manager,101739,160067
2023,Commissary Keeper,66144,73299
2023,Commissioning Project Operator,73861,98779
2023,Communications Advisor,72946,97497
2023,Communications Advisor CHC,76604,102411
2023,Communications and Information Lead,91425,140027
2023,Communications Consultant,72674,108190
2023,Communications Consultant CHC,72674,108190
2023,Communications Team Supervisor,80640,121760
2023,Community and Business Relations Senior Manager,101739,160067
2023,Community and Program Development Worker,72946,97497
2023,Community Development Worker,76604,102411
2023,Community Lead Anti-Racism Program,91425,140027
2023,Community Liaison,68778,92001
2023,Community Parks Initiatives Lead,91425,140027
2023,Community Partnership Coordinator CHC,80640,121760
2023,Community Peace Officer,72946,97497
2023,Community Programs and Services Coordinator,88725,118573
2023,Community Relations Strategist,80444,107544
2023,Community Safety Officer,128856,128856
2023,Community Safety Program Coordinator,68778,92001
2023,Community Shuttle Operator,49257,49257
2023,Community Shuttle Operator Trainee,41867,41867
2023,Complex Coordinator,72674,108190
2023,Compliance Process Specialist,60661,81172
2023,Compliance Standards Specialist CHC,76604,102411
2023,Computer Aided Design and Drafting Team Lead,80640,121760
2023,Computerized Maintenance Management System Specialist,72946,97497
2023,Construction Coordinator,80444,107544
2023,Construction Coordinator Fibre Optics,80640,121760
2023,Construction Inspector,87547,117042
2023,Construction Services Estimator,80444,107544
2023,Container Maintenance Worker,62837,69634
2023,Contract and Billing Coordinator,60661,81172
2023,Contract Coordinator,64628,86432
2023,Contract Inspector,87547,117042
2023,Controller Distribution Services,56966,76185
2023,Control System Services Leader,91425,140027
2023,Control System Services Planning Lead,80640,121760
2023,Control Systems Technologist,72946,97497
2023,Coordinator Administration and Pet Licensing,72674,108190
2023,Coordinator Animal Care and Clinic Services,72674,108190
2023,Coordinator Attendance Management,80640,121760
2023,Coordinator Business Information,91425,140027
2023,Coordinator Business Management,91425,140027
2023,Coordinator Business Planning and Performance Measures,91425,140027
2023,Coordinator Canada Task Force 2,80640,121760
2023,Coordinator Citizen Recognition and Protocol,80640,121760
2023,Coordinator City Planning Policy,91425,140027
2023,Coordinator Community Business Relations,80640,121760
2023,Coordinator Community Planning,91425,140027
2023,Coordinator Community Safety,141128,141128
2023,Coordinator Court and CPIC,72674,108190
2023,Coordinator Development Engineering and Construction,101739,160067
2023,Coordinator Development Plan,101739,160067
2023,Coordinator Dispatch,80640,121760
2023,Coordinator Employment Services,80640,121760
2023,Coordinator Engagement and Analytics,80640,121760
2023,Coordinator Enhanced Rationalization,91425,140027
2023,Coordinator Facility Maintenance,80640,121760
2023,Coordinator Field Operations,80640,121760
2023,Coordinator Financial Settlements CHC,80640,121760
2023,Coordinator Growth Financial Strategy,91425,140027
2023,Coordinator Growth Strategy,91425,140027
2023,Coordinator Hazardous Material,141128,141128
2023,Coordinator Knowledge Management,64628,86432
2023,Coordinator Land Administration,91425,140027
2023,Coordinator Land Inventory and Circulations,91425,140027
2023,Coordinator Local Area Planning,91425,140027
2023,Coordinator Logistics,80640,121760
2023,Coordinator Medical Services,141128,141128
2023,Coordinator Operational Planning,91425,140027
2023,Coordinator Operations,80640,121760
2023,Coordinator Operations Control,80640,121760
2023,Coordinator Operations Support (Pay Level D),72674,108190
2023,Coordinator Operations Support (Pay Level E),80640,121760
2023,Coordinator Operations Workplace Centre Program,91425,140027
2023,Coordinator Outside Maintenance,80640,121760
2023,Coordinator Parking Operations,101739,160067
2023,Coordinator Parking Safety and Compliance,101739,160067
2023,Coordinator Portfolio Management,91425,140027
2023,Coordinator Process Computer Systems,80640,121760
2023,Coordinator Project Management,91425,140027
2023,Coordinator Real Estate Acquisitions,91425,140027
2023,Coordinator Real Estate Client Service,91425,140027
2023,Coordinator Real Estate Leasing and Property Management,91425,140027
2023,Coordinator Real Estate Sales,91425,140027
2023,Coordinator Recreation Service Delivery Workforce,72674,108190
2023,Coordinator Revenue Streams,91425,140027
2023,Coordinator Schedules,80640,121760
2023,Coordinator Systems Support,91425,140027
2023,Coordinator Tax Systems,80640,121760
2023,Coordinator Traffic Operations,101739,160067
2023,Coordinator Training,141128,141128
2023,Coordinator Transit Data,80640,121760
2023,Coordinator Urban Design and Open Spaces,91425,140027
2023,Coordinator Vehicle For Hire Licensing,72674,108190
2023,Copywriter,68778,92001
2023,Corporate Billing Analyst,56966,76185
2023,Corporate Consultant,80640,121760
2023,Corporate Credit Card Program Administrator,60661,81172
2023,Corporate Economist,80640,121760
2023,Corporate Environmental Health and Safety Auditor,80444,107544
2023,Corporate Environmental Specialist,88725,118573
2023,Corporate Facility Portfolio Planner,80444,107544
2023,Corporate Finance Advisor,80444,107544
2023,Corporate Finance and Grant Advisor,80444,107544
2023,Corporate Finance Leader,91425,140027
2023,Corporate Health Consultant,88725,118573
2023,Corporate Issue Management Program Manager,91425,140027
2023,Corporate Occupational Hygienist,91936,122907
2023,Corporate Records Coordinator,80640,121760
2023,Corporate Research Analyst,64075,95513
2023,Corporate Strategist,91425,140027
2023,Corporate Tangible Capital Assets Program Manager,101739,160067
2023,Corporate Tax and Regulatory Analyst,80640,121760
2023,Corporate Teams Coordinator,64075,95513
2023,Corporate Web Communications Advisor,72946,97497
2023,Corporate Worker's Compensation Board Coordinator,64628,86432
2023,Corrosion Technician,73861,98779
2023,Corrosion Technician Assistant,65104,87069
2023,Cost Control Lead,91425,140027
2023,CPIC Operator,65104,87069
2023,Creative Technical Writer,64628,86432
2023,Crew Foreman,126360,126360
2023,Crews Foreman/Coordinator,135200,135200
2023,Crisis Intervention Specialist,76604,102411
2023,Cross Connection Control Inspector,87547,117042
2023,Cross Connection Control Supervisor,80640,121760
2023,C-Train Operator,59807,78312
2023,Cultural Landscape Management Lead,80640,121760
2023,Cultural Landscape Planner,76604,102411
2023,Custodial Worker,56948,63054
2023,Customer Account Coordinator,78603,105144
2023,Customer Attendant,69805,77314
2023,Customer Care Operations Coordinator,68778,92001
2023,Customer Coordinator,80444,107544
2023,Customer Coordinator Homeowner,80640,121760
2023,Customer Data Strategist,76604,102411
2023,Customer Experience Analyst CHC,76604,102411
2023,Customer Management Lead,80640,121760
2023,Customer Service Advisor,49322,65902
2023,Customer Service and Communications Analyst,72946,97497
2023,Customer Service and Communications Business Analyst,64628,86432
2023,Customer Service and Communications Liaison,76604,102411
2023,Customer Service and Communications Planner,80444,107544
2023,Customer Service and Communications Web and Digital Analyst,68778,92001
2023,Customer Service and Communications Web and Digital Associate,60661,81172
2023,Customer Service and Communications Web and Digital Planner,76604,102411
2023,Customer Service Lead CHC,72674,108190
2023,Customer Service Lead (Pay Level 8),61389,82027
2023,Customer Service Lead (Pay Level C),64075,95513
2023,Customer Service Lead (Pay Level D),72674,108190
2023,Customer Service Lead (Pay Level E),80640,121760
2023,Customer Service Representative CHC,60661,81172
2023,Customer Service Representative (Pay Level 4),46756,62572
2023,Customer Service Representative (Pay Level 5),50796,71526
2023,Customer Service Representative (Pay Level 6),54072,76185
2023,Customer Service Representative (Pay Level 7),60661,81172
2023,Customer Service Representative (Pay Level 8),61389,86432
2023,Customer Service Resolution Representative,76604,102411
2023,Customer Strategy Specialist,76604,102411
2023,Cyber Security Network Specialist,68778,92001
2023,Data Analysis Technician,72946,97497
2023,Data Analyst,61389,82027
2023,Data and Compliance Specialist,64628,86432
2023,Database Analyst,80640,121760
2023,Data Collection Supervisor,80640,121760
2023,Data Collection Technician,64628,86432
2023,Data Collector,49322,65902
2023,Data Management Specialist,72946,97497
2023,Data Scientist,88725,118573
2023,Data Specialist,64628,86432
2023,Data Strategist (Pay Level 11),76604,102411
2023,Data Strategist (Pay Level E),80640,121760
2023,Day Shift K9 and Platoon K9 Investigators,134993,134993
2023,Departmental Consultant,80640,121760
2023,Deputy Chief 911 Operations,101739,160067
2023,Deputy Chief Business Safety,91425,140027
2023,Deputy Chief Community Safety,101739,160067
2023,Deputy Chief Emergency Management Operations,101739,160067
2023,Deputy Chief Vehicle For Hire Public Safety,91425,140027
2023,Deputy City Auditor,101739,160067
2023,Deputy City Clerk,101739,160067
2023,Deputy City Solicitor,169442,199323
2023,Deputy Director Business Services,114863,183107
2023,Deputy Fire Chief,114863,183107
2023,Design and Development Technologist,72946,97497
2023,Design Technician,76604,102411
2023,Desktop System Administrator,76604,102411
2023,Development and Planning Advisor,80640,121760
2023,Development and Planning Technician,72946,97497
2023,Development Applications and Licensing Services Coordinator,76604,102411
2023,Development Approvals Development Technologist,76604,102411
2023,Development Coordinator,84412,112949
2023,Development Inspector,76604,102411
2023,Development Operations Analyst,64628,86432
2023,Development Operations Specialist,68778,92001
2023,Development Production Analyst,72946,115497
2023,Development Technologist (Pay Level 11),76604,102411
2023,Development Technologist (Pay Level 12),80444,107544
2023,Digital Business Analyst,68778,92001
2023,Digital Developer,68778,92001
2023,Digital Measurement Analyst,72946,97497
2023,Director Business Services,161000,248500
2023,Director Calgary Transit,161000,248500
2023,Director Capital Priorities and Investment,136000,207000
2023,Director City and Regional Planning,136000,207000
2023,Director/City Assessor,136000,207000
2023,Director/City Clerk,136000,207000
2023,Director Climate and Environment,136000,207000
2023,Director Collaboration Analytics and Innovation,136000,207000
2023,Director Commercial,161000,248500
2023,Director Community Planning,161000,248500
2023,Director Community Strategies,136000,207000
2023,Director Construction,161000,248500
2023,Director Corporate Planning and Performance,136000,207000
2023,Director Corporate Security,136000,207000
2023,Director Customer Service and Communications,161000,248500
2023,Director Delivery,161000,248500
2023,Director Development Business and Building Services,136000,207000
2023,Director Downtown Strategy,161000,248500
2023,Director Emergency Management and Community Safety,161000,248500
2023,Director Facility Management,161000,248500
2023,Director Finance/City Treasurer,161000,248500
2023,Director Fleet and Inventory,136000,207000
2023,Director Law,161000,248500
2023,Director Mobility,161000,248500
2023,Director Parks and Open Spaces,161000,248500
2023,Director Partnerships,136000,207000
2023,Director Project Management Office,161000,248500
2023,Director Public Spaces Delivery,161000,248500
2023,Director Real Estate and Development Services,161000,248500
2023,Director Recreation and Social Programs,161000,248500
2023,Director Stakeholder Relations,161000,248500
2023,Director Supply Management,136000,207000
2023,Director Utilities Delivery,136000,207000
2023,Director Waste and Recycling Services,161000,248500
2023,Director Water Services,161000,248500
2023,Dispatcher,64075,95513
2023,District Manager,91425,140027
2023,District Technician*,68778,105144
2023,Document Control Lead,80640,121760
2023,Document Management Specialist,53526,71526
2023,Downtown Strategy Coordinator,91425,140027
2023,Drainage Control Technician,83366,111426
2023,Driver/Operator/Labourer,56948,63054
2023,e-Business Coordinator,76604,102411
2023,Economic Strategist,76604,102411
2023,Electrical Planner,120349,120349
2023,Electrical Supervisor,72674,108190
2023,Electrician,120349,120349
2023,Electrician Technician Journeyperson,114608,114608
2023,Electro Mechanic Journeyperson 1,90542,101358
2023,Electro Mechanic Journeyperson 2,95077,106434
2023,Electro Mechanic Trainee,84614,94723
2023,Eligibility Specialist,68778,92001
2023,Emergency and Continuity Management Lead,91425,140027
2023,Emergency Communications Officer*,72363,95572
2023,Emergency Communications Officer Dispatcher*,74526,98433
2023,Emergency Communications Officer-in-Training*,61506,64581
2023,Emergency Communications Training Specialist,108285,108285
2023,Emergency Management Coordinator,141128,141128
2023,Emergency Management Officer,128856,128856
2023,Employee Development Specialist,76604,102411
2023,Employment Analyst,61389,82027
2023,Energy Management Technologist,68778,92001
2023,Engage Analyst,68778,92001
2023,Engagement and Research Analyst,64628,86432
2023,Engage Planner,80444,107544
2023,Engage Resource Unit Leader,91425,140027
2023,Engineer CHC (Pay Level Engineering E),88706,133937
2023,Engineer CHC (Pay Level Engineering F),100567,154029
2023,Engineering Assistant*,76604,117042
2023,Engineering Technical Assistant,72946,97497
2023,Engineering Technician,76604,102411
2023,Engineer-in-Training,72946,97497
2023,Engineer (Pay Level Engineering D),76305,113600
2023,Engineer (Pay Level Engineering E),88706,133937
2023,Engineer (Pay Level Engineering F),100567,154029
2023,Engineer (Pay Level Engineering G),111913,176074
2023,Engineer (Pay Level Engineering H),124627,198671
2023,Enmax Contract Services Coordinator,76604,102411
2023,Environmental Compliance Specialist,80444,107544
2023,Environmental Consultant,80640,121760
2023,Environmental Control Environmental Specialist,84412,112949
2023,Environmental Control Technologist,76604,102411
2023,Environmental Outreach Coordinator,72946,97497
2023,Environmental Outreach Strategist,72946,97497
2023,Environmental Planning Supervisor,80640,121760
2023,Environmental Specialist,80444,107544
2023,Equipment Operator,66315,73448
2023,Equipment Operator Backhoe,66315,73448
2023,Equipment Operator Crane Truck and Bobcat,66315,73448
2023,Equipment Operator High Pressure,66315,73448
2023,Equipment Operator Hydrovac and Repair,66315,73448
2023,Equipment Operator Loader Commercial Garbage Collector,66315,73448
2023,Equipment Operator Mowers,62837,69634
2023,Equipment Operator Roll Off,62837,69634
2023,"Equipment Operator Toolcat 72"" and Larger",62837,69634
2023,Equipment Tech Lead Hand,120349,120349
2023,Equipment Technician,64628,86432
2023,Equipment Technician Electrical,114608,114608
2023,Equity Program Consultant,76604,102411
2023,Estimator/Work Planner,78603,105144
2023,Event Center Lead,91425,140027
2023,Event Coordinator,76604,102411
2023,Event Service Representative,56966,76185
2023,Event Specialist,64628,86432
2023,Executive Advisor (Pay Level E),80640,121760
2023,Executive Advisor (Pay Level F),91425,140027
2023,Executive Assistant,64075,95513
2023,Executive Operations Strategist,80640,121760
2023,Exercise Physiologist,68778,92001
2023,Facilities and Business Support Leader,80640,121760
2023,Facilities Operations Coordinator,76604,102411
2023,Facilities Planner,76604,102411
2023,Facility Asset Estimator,72946,97497
2023,Facility Asset Management Analyst,72946,97497
2023,Facility Attendant,66315,73448
2023,Facility Contract Coordinator,80640,121760
2023,Facility Energy Climate Analyst,72946,97497
2023,Facility Operations Coordinator,80444,107544
2023,Facility Planning and Logistics Coordinator,80640,121760
2023,Fair Entry Administrator,60661,81172
2023,Fair Entry Coordinator,80444,107544
2023,Fair Entry Supervisor,68778,92001
2023,Fare Analyst,64628,86432
2023,Farebox Handler,61547,68869
2023,Field Operations Trainee,56948,63054
2023,Finance Accounting Lead,91425,140027
2023,Finance and Regulatory Strategist,80640,121760
2023,Finance and Strategic Support Specialist,64628,86432
2023,Finance Consultant CHC,80444,107544
2023,Finance Coordinator,80444,107544
2023,Finance Coordinator CHC,80444,107544
2023,Finance Leader Corporate Billing and Accounts Receivable,80640,121760
2023,Finance Leader Credit and Collections,91425,140027
2023,Finance Lead (Pay Level 11),76604,102411
2023,Finance Lead (Pay Level E),80640,121760
2023,Finance Lead (Pay Level F),91425,140027
2023,Financial and Investment Strategist CHC,80444,107544
2023,Financial and Rates Analyst,80640,121760
2023,Financial and Regulatory Analyst,80640,121760
2023,Financial Governance Coordinator,80444,107544
2023,Financial Reporting Consultant,84412,112949
2023,Financial Reporting Lead,91425,140027
2023,Financial Reporting Officer,101739,160067
2023,Financial Services Lead,80640,121760
2023,Financial Systems Consultant 1,72674,108190
2023,Financial Systems Consultant 2,80640,121760
2023,Fire Captain,128856,128856
2023,Fire Chief,161000,248500
2023,Fire District Chief,142135,142135
2023,Firefighter 1,66481,102277
2023,Firefighter 2,104308,104308
2023,Firefighter 3,106361,106361
2023,Fire Inspections Coordinator,141128,141128
2023,Fire Investigations Coordinator,141128,141128
2023,Fire Investigator,128856,128856
2023,Fire Lieutenant,120666,120666
2023,Fire Marshal,162594,162594
2023,Fire Mechanic 1,99029,99029
2023,Fire Mechanic 2,103896,103896
2023,Fire Recruitment Officer,128856,128856
2023,Fire Response Paramedic,115861,115861
2023,Fire Safety Codes Officer 2,128856,128856
2023,Fire Training Officer,128856,128856
2023,First Aid Instructor,66315,73448
2023,Fleet Asset Administrator,64628,86432
2023,Fleet Attendant,61547,68869
2023,Fleet Attendant Lead Hand,63606,71240
2023,Foreman CHC,100657,100657
2023,Foreman (Pay Level 3),81866,81866
2023,Foreman (Pay Level 4)*,85600,90106
2023,Foreman (Pay Level 5)*,89888,94619
2023,Foreman (Pay Level 6)*,100657,105955
2023,Foreman (Pay Level 6 Out-Of-Schedule)*,100657,112570
2023,Foreman (Pay Level 7),106704,106704
2023,Forms Analyst,60661,81172
2023,Frontline Operations Support,72674,108190
2023,Frontline Utility Supervisor,72674,108190
2023,Fuel and Flex Fleet Technician,66315,73448
2023,Funding and Investment Consultant,80640,121760
2023,Funding and Systems Coordinator,76604,102411
2023,Funding Investment Consultant,80640,121760
2023,Funding Strategist,80444,107544
2023,Gardener,72578,80443
2023,General Manager Community Services,197500,333000
2023,General Manager Infrastructure Services,197500,333000
2023,General Manager Operational Services,197500,333000
2023,General Manager People Innovation and Collaboration Services,197500,333000
2023,General Manager Planning and Development Services,197500,333000
2023,Geospatial Analyst (Pay Level 10),72946,97497
2023,Geospatial Analyst (Pay Level 11),76604,102411
2023,Geospatial Business Specialist,80640,121760
2023,Geospatial Coordinator,80444,107544
2023,Geospatial Fusion Specialist,76604,102411
2023,Geospatial Technician,60661,81172
2023,Geospatial Technician Cartography,68778,92001
2023,Geospatial Technician Drafting,68778,92001
2023,Geotechnical Engineering Assistant,76604,102411
2023,GIS Asset Management Technologist,72946,97497
2023,GIS Data Analyst,72946,97497
2023,GIS Data Coordinator,80640,121760
2023,GIS Integration Specialist,80444,107544
2023,GIS Specialist,84412,112949
2023,Golf Course Attendant,53550,71551
2023,Golf Course Business Development Coordinator,72674,108190
2023,Golf Course Clubhouse Supervisor,72674,108190
2023,Golf Course Operations Coordinator,80640,121760
2023,Governance and Policy Coordinator,80640,121760
2023,Grant Coordinator,72946,97497
2023,Graphic Systems Program Analyst,76604,102411
2023,Groundman 1,65250,80558
2023,Hazardous Materials Officer,128856,128856
2023,Hazardous Waste Programs Manager,80444,107544
2023,HCM Data Management Specialist,76604,102411
2023,Health and Safety Coordinator,141128,141128
2023,Health and Safety Officer,128856,128856
2023,Healthy Workplace Coordinator,64628,86432
2023,Heavy Equipment Technician 1,84614,99528
2023,Heavy Equipment Technician 2,88837,104541
2023,Heavy Equipment Technician Apprentice,61568,91562
2023,Housing Program and Support Team Lead CHC,80640,121760
2023,Housing Services Inspector CHC,64628,86432
2023,Housing Systems Analyst,76604,102411
2023,Human Resources Analyst,72674,108190
2023,Human Resources Associate 1,60661,81172
2023,Human Resources Associate 2,64628,86432
2023,Human Resources Business Partner,80640,121760
2023,Human Resources Business Specialist,68778,92001
2023,Human Resources Consultant,80640,121760
2023,Hydraulic Modeling Technologist,76604,102411
2023,Indemnification and Engineering Technologist,91936,122907
2023,Indigenous Program Liaison,72946,97497
2023,Indigenous Relations Consultant,80444,107544
2023,Indigenous Strategy Liaison,68778,92001
2023,Industrial and Business Parks Project Inspector,72946,97497
2023,Industrial Commercial and Institutional Program Coordinator,80444,107544
2023,Industrial Monitoring Compliance Inspector,80444,107544
2023,Industrial Technician,68778,92001
2023,Information and Privacy Strategist,80444,107544
2023,Information Management Business Process Coordinator,80640,121760
2023,Information Security Advisor,80640,121760
2023,Information Technology Account Analyst,80640,121760
2023,Information Technology Account Manager,91425,140027
2023,Information Technology Application Analyst,80444,121430
2023,Information Technology Billing Coordinator,64628,86432
2023,Information Technology Project Analyst,80444,107544
2023,Information Technology Support Technician,64628,86432
2023,Infrastructure Strategist,80444,107544
2023,Innovation Designer,80444,107544
2023,Inorganic Chemist,80444,107544
2023,Inspection Coordinator,91936,122907
2023,Inspector,80640,121760
2023,Inspector Operational Effectiveness,80640,121760
2023,Instructional Designer,76604,102411
2023,Instrumentation Technician Journeyperson,114608,114608
2023,Integrated Business Systems Lead,80640,121760
2023,Integrated Marketing Communications Consultant,72674,108190
2023,Integrated Pest Management Lead,80640,121760
2023,Integrated Pest Management Technician,72946,97497
2023,Intellectual Property Analyst,80640,121760
2023,Intelligence Analyst,64075,95513
2023,Intergovernmental Relations Consultant,80640,121760
2023,Interior Construction Administrator,68778,92001
2023,Interior Design Team Supervisor,80640,121760
2023,Intermediate Development Technologist,76604,102411
2023,Intermediate Operator,72578,80443
2023,Internal Management Finance Lead,91425,140027
2023,Inventory Analyst,64628,86432
2023,Investigative Analyst,64075,95513
2023,Investment Recovery Coordinator,84412,112949
2023,Investment Recovery Specialist,69326,92768
2023,Irrigation Central Control Technician,68778,92001
2023,Issue Strategist (Pay Level 11),76604,102411
2023,Issue Strategist (Pay Level 12),80444,107544
2023,Issue Strategist (Pay Level 13),84412,112949
2023,Issue Strategist (Pay Level D),72674,108190
2023,Issue Strategist (Pay Level E),80640,121760
2023,Janitorial Worker,59946,66373
2023,Junior Accountant,64628,86432
2023,Junior Operator,62837,69634
2023,Junior Water Monitoring Technician,60661,81172
2023,Knowledge Management Specialist,72946,97497
2023,Laboratory Technician,68778,92001
2023,Labourer Electrical,56264,69451
2023,Labourer (Pay Level 1),56948,63054
2023,Labourer (Pay Level 2),62837,69634
2023,Land Agent 2,76604,102411
2023,Land Agent 3,84412,112949
2023,Land Assistant,60661,81172
2023,Landfill Operations Superintendent,80640,121760
2023,Landfill Scale Operator,62837,69634
2023,Land Inventory Technician,72946,97497
2023,Landscape Architect,80444,107544
2023,Landscape Data and Analysis Supervisor,80640,121760
2023,Land Surveyor,80444,107544
2023,Land Titles Officer,72946,97497
2023,Law Librarian,64075,95513
2023,Lawyer 1,86520,130639
2023,Lawyer 2,100242,153531
2023,Lawyer 3,114707,180470
2023,Lead Application Processing Representative,72946,97497
2023,Lead Aquatics Attendant,72578,80443
2023,Leader Access and Privacy,80640,121760
2023,Leader Account Advisory Services,91425,140027
2023,Leader Acquisitions,91425,140027
2023,Leader Administration Policy and Departmental Strategy,91425,140027
2023,Leader Affordable Housing Partnerships,91425,140027
2023,Leader Affordable Housing Policy,91425,140027
2023,Leader Animal Care and Pet Licensing,91425,140027
2023,Leader Anti-Racism CHC,91425,140027
2023,Leader Approvals Coordination and Planning Advisory,91425,140027
2023,Leader Asset Management CHC,91425,140027
2023,Leader Asset Management Systems,91425,140027
2023,Leader Building Approvals PSCCA,91425,140027
2023,Leader Building Automation,91425,140027
2023,Leader Building Inspections,91425,140027
2023,Leader Building Maintenance CHC,91425,140027
2023,Leader Building Operations CHC,91425,140027
2023,Leader Building Safety Approvals,91425,140027
2023,Leader Building Systems,80640,121760
2023,Leader Business and Operational Performance,91425,140027
2023,Leader Business Approvals,91425,140027
2023,Leader Business Continuity and Emergency Management,91425,140027
2023,Leader Business Continuity and Risk Reduction,91425,140027
2023,Leader Business Improvement,91425,140027
2023,Leader Business Performance,91425,140027
2023,Leader Business Planning,91425,140027
2023,Leader Business Planning and Budget Adjustment,91425,140027
2023,Leader Business Planning and Performance,91425,140027
2023,Leader Business Planning Coordination and Policy,91425,140027
2023,Leader Business Services,91425,140027
2023,Leader Business Strategy,91425,140027
2023,Leader Business Strategy and Performance (Pay Level F),91425,140027
2023,Leader Business Strategy and Performance (Pay Level G),101739,160067
2023,Leader Business Support,91425,140027
2023,Leader Business Technology and Data Management CHC,91425,140027
2023,Leader Business Technology Services,91425,140027
2023,Leader Capital Development CHC,91425,140027
2023,Leader Capital Prioritization,91425,140027
2023,Leader CFD Fleet and Equipment,91425,140027
2023,Leader Claims,80640,121760
2023,Leader Climate Governance and Planning,91425,140027
2023,Leader Climate Resilience and Adaptation,91425,140027
2023,Leader Communications,91425,140027
2023,Leader Community and Customer Initiatives,91425,140027
2023,Leader Community Energy Program,91425,140027
2023,Leader Community Preparedness,91425,140027
2023,Leader Community Relations,91425,140027
2023,Leader Community Retail,91425,140027
2023,Leader Community Safety Initiatives,91425,140027
2023,Leader Compliance,91425,140027
2023,Leader Contact Center,72674,108190
2023,Leader Contaminated Sites,91425,140027
2023,Leader Core Retail/Large Shopping Centers,91425,140027
2023,Leader Council Services,80640,121760
2023,Leader Court Coordination and Vehicle For Hire Licensing,80640,121760
2023,Leader Creative,91425,140027
2023,Leader Cross Corporate Improvement Initiatives,91425,140027
2023,Leader Customer Service,91425,140027
2023,Leader Customer Service and Communications Liaison,80640,121760
2023,Leader Customer Service and Data Management,80640,121760
2023,Leader Customer Solutions,91425,140027
2023,Leader Customer Strategy,91425,140027
2023,Leader Data Collection,80640,121760
2023,Leader Data Quality,80640,121760
2023,Leader Decision Support,91425,140027
2023,Leader Departmental Planning and Governance,91425,140027
2023,Leader Development and Planning Advisory Services,91425,140027
2023,Leader Development Inspections,91425,140027
2023,Leader Driving Programs and Compliance,91425,140027
2023,Leader Economic Analysis,91425,140027
2023,Leader Election and Census,80640,121760
2023,Leader Electrical Inspector,91425,140027
2023,Leader Environmental Planning and Policy,101739,160067
2023,Leader Environmental Planning and Policy Development,91425,140027
2023,Leader Environmental Programs,91425,140027
2023,Leader Environment and Education Initiatives,91425,140027
2023,Leader Executive Operations,91425,140027
2023,Leader Facilitation Services,91425,140027
2023,Leader Facility Operations (Pay Level E),80640,121760
2023,Leader Facility Operations (Pay Level F),91425,140027
2023,Leader Film Friendly Program,91425,140027
2023,Leader Financial Reporting and Internal Control CHC,91425,140027
2023,Leader Financial Strategic Risk and Treasury CHC,91425,140027
2023,Leader Geospatial Business Development,91425,140027
2023,Leader Geospatial Infrastructure,91425,140027
2023,Leader Geospatial Programs,91425,140027
2023,Leader Geospatial Projects,91425,140027
2023,Leader GIS and Mapping Services,80640,121760
2023,Leader Governance and Transformation,91425,140027
2023,Leader Governance and Tribunal Services,91425,140027
2023,Leader Government Relations and Communications CHC,91425,140027
2023,Leader Greater Downtown,101739,160067
2023,Leader Growth Analytics,91425,140027
2023,Leader Growth Investment,91425,140027
2023,Leader Health and Wellness,91425,140027
2023,Leader Housing Programs CHC,91425,140027
2023,Leader Human Resources (Pay Level E),80640,121760
2023,Leader Human Resources (Pay Level F),91425,140027
2023,Leader Impound Services,72674,108190
2023,Leader Industrial,91425,140027
2023,Leader Information Management,80640,121760
2023,Leader Information Technology,91425,140027
2023,Leader Infrastructure Flex Fleet and Fuel Management,80640,121760
2023,Leader Infrastructure Investment Planning,91425,140027
2023,Leader Innovation,91425,140027
2023,Leader Innovation and Corporate Projects CHC,91425,140027
2023,Leader Integrated Planning,91425,140027
2023,Leader Intergovernmental Relations,91425,140027
2023,Leader Inventory Planning,80640,121760
2023,Leader Laboratory Operations,91425,140027
2023,Leader Land,91425,140027
2023,Leader Landscape and Construction Approvals,80640,121760
2023,Leader Land Use Bylaw,91425,140027
2023,Leader Learning and Development,91425,140027
2023,Leader Learning and Employee Development,91425,140027
2023,Leader Learning and Training,91425,140027
2023,Leader Learning and Wellness,91425,140027
2023,Leader Legal Support Team,72674,108190
2023,Leader Lift Stations,72674,108190
2023,Leader Light Rail Transit and Traffic Signals,91425,140027
2023,Leader Logistics and Safety,91425,140027
2023,Leader Major Mobility Planning,91425,140027
2023,Leader Media Relations and Employee Communications,91425,140027
2023,Leader Meters and Cross Connection Control,91425,140027
2023,Leader Microbiology Watershed Assessment,91425,140027
2023,Leader Monitoring and Compliance,101739,160067
2023,Leader Multi Residential,91425,140027
2023,Leader Natural Areas,80640,121760
2023,Leader Office,91425,140027
2023,Leader Operational Coordination,91425,140027
2023,Leader Operational Performance,91425,140027
2023,Leader Operational Resilience,91425,140027
2023,Leader Operational Strategy,91425,140027
2023,Leader Operations (Pay Level D),72674,108190
2023,Leader Operations (Pay Level F),91425,140027
2023,Leader Patrol and Investigations,80640,121760
2023,Leader Performance Measurement and Benchmarking,91425,140027
2023,Leader Performance Reporting,91425,140027
2023,Leader Planning and Design,91425,140027
2023,Leader Planning and Development Services Innovation and Improvements,91425,140027
2023,Leader Planning and Development Services Systems,91425,140027
2023,Leader Plumbing and Gas Inspector,91425,140027
2023,Leader Policy and Bylaw Development,91425,140027
2023,Leader Portfolio Management CHC,91425,140027
2023,Leader Procurement,91425,140027
2023,Leader Program and System Planning CHC,91425,140027
2023,Leader Program Implementation,91425,140027
2023,Leader Program Management,91425,140027
2023,Leader Program Planning and Strategy,91425,140027
2023,Leader Project Controls CHC,80640,121760
2023,Leader Project Delivery,91425,140027
2023,Leader Project Services,80640,121760
2023,Leader Property Management and Administration,80640,121760
2023,Leader Public Spaces and Mobility Policy,91425,140027
2023,Leader Public Spaces Project Development,91425,140027
2023,Leader Regional Planning,91425,140027
2023,Leader Regulatory Affairs and Compliance,101739,160067
2023,Leader Research,91425,140027
2023,Leader Respect and Inclusion,91425,140027
2023,Leader Risk Management,101739,160067
2023,Leader Safety Audit Investigation,91425,140027
2023,Leader Safety Implementation,91425,140027
2023,Leader Safety Operations,91425,140027
2023,Leader Safety Planning and Hygiene,91425,140027
2023,Leader Safety Strategy,91425,140027
2023,Leader Safety Systems and Risk,91425,140027
2023,Leader Sales and Technology,72674,108190
2023,Leader Service Excellence,80640,121760
2023,Leader Service Improvement Initiatives,91425,140027
2023,Leader Service Strategy and Analytics,91425,140027
2023,Leader Single Residential,91425,140027
2023,Leader Special Projects,91425,140027
2023,Leader Special Purpose and Land,91425,140027
2023,Leader Strategic Business Planning,72674,108190
2023,Leader Strategic Planning and Performance,91425,140027
2023,Leader Strategic Planning and Policy,91425,140027
2023,Leader Strategic Relationships,91425,140027
2023,Leader Strategic Services,80640,121760
2023,Leader Strategic Workforce Planning,91425,140027
2023,Leader Strategy and Planning,91425,140027
2023,Leader Subdivision Services,91425,140027
2023,Leader Supply Management CHC,91425,140027
2023,Leader Sustainable Infrastructure,91425,140027
2023,Leader Systems Enhancement and Development,80640,121760
2023,Leader Tag Administration and Support,80640,121760
2023,Leader Tax Account Maintenance,72674,108190
2023,Leader Tax Billing and Adjustment,80640,121760
2023,Leader Technology Services,91425,140027
2023,Leader Track and Way,80640,121760
2023,Leader Traffic,91425,140027
2023,Leader Traffic Field Operations,91425,140027
2023,Leader Transit Project Development,91425,140027
2023,Leader Transportation,91425,140027
2023,Leader Warehousing,80640,121760
2023,Leader Wastewater Plant Operations,91425,140027
2023,Leader Water,91425,140027
2023,Leader Water Design,91425,140027
2023,Leader Web and Digital Content,91425,140027
2023,Leader Web and Digital Development,91425,140027
2023,Leader Workers Compensation,91425,140027
2023,Leader Workforce Schedules and Ability Management,91425,140027
2023,Leader Workplace Solutions,91425,140027
2023,Leader Workspace Design and Delivery,91425,140027
2023,Lead Golf Course Operations,91425,140027
2023,Lead Hand Quality Controller,67954,76149
2023,Lead Specialist,113699,113699
2023,Lead Technical Advisor,80640,121760
2023,Lead Water Resources Levies,91425,140027
2023,Leak Locator,72578,80443
2023,Learning and Development Advisor,72946,97497
2023,Learning Production Coordinator,64628,86432
2023,Leasing Agent,72946,97497
2023,Legislative Advisor,72946,97497
2023,Legislative Agenda Assistant,64628,86432
2023,Legislative Coordinator,80640,121760
2023,Library Assistant,60661,81172
2023,Licence Inspector,72946,97497
2023,Licence Operations Analyst,76604,102411
2023,Lifeguard,66315,73448
2023,Lifeguard Trainer,66315,73448
2023,Lift Station and Pressurized Utility Operator,72578,80443
2023,Livery Licensing Assistant,60661,81172
2023,Livery Peace Officer,83366,111426
2023,Local Improvement Construction Coordinator,96470,129085
2023,Lock Shop Coordinator,66315,73448
2023,LRV Maintenance Planner/Scheduler,72674,108190
2023,LRV Preventative Maintenance Person,65811,73778
2023,Machinist Apprentice,65686,91562
2023,Machinist Journeyperson,84614,99528
2023,Mail Courier,61547,68869
2023,Maintenance Data Steward,56966,76185
2023,Maintenance Helper,56948,63054
2023,Maintenance Job Planner,78603,105144
2023,Maintenance Leader,91425,140027
2023,Maintenance Lead Hand,76398,84677
2023,Maintenance Man Retention Pond,66315,73448
2023,Maintenance Planner/Scheduler*,72946,111426
2023,Maintenance Serviceman,69805,77314
2023,Maintenance Supervisor,80640,121760
2023,Maintenance Technician,114608,114608
2023,Maintenance Worker,66144,73299
2023,Major Projects Inspector,91936,122907
2023,Managed Services Coordinator,80444,107544
2023,Manager Affordable Housing,114863,183107
2023,Manager Arts and Culture,101739,160067
2023,Manager Asset Information and Mapping,101739,160067
2023,Manager Asset Management Planning,124627,198671
2023,Manager Bridges and Structures,111913,176074
2023,Manager Building Infrastructure,114863,183107
2023,Manager Building Safety and Inspection Services,101739,160067
2023,Manager Buildings and Architecture,101739,160067
2023,Manager Business and Building Safety,101739,160067
2023,Manager Business Excellence,101739,160067
2023,Manager Business Operations,101739,160067
2023,Manager Business Planning,101739,160067
2023,Manager Business Process Support,101739,160067
2023,Manager Business Services,101739,160067
2023,Manager Business Strategy and Programs,124627,198671
2023,Manager Calgary Parking,114863,183107
2023,Manager Calgary Parks,101739,160067
2023,Manager Capital Contract Management,111913,176074
2023,Manager Capital Investment Planning,101739,160067
2023,Manager Citizen Services,101739,160067
2023,Manager City Planning,114863,183107
2023,Manager Climate Mitigation,101739,160067
2023,Manager Collection Services,114863,183107
2023,Manager Communications,101739,160067
2023,Manager Communications Research and Evaluation,101739,160067
2023,Manager Community and Business Relations,101739,160067
2023,Manager Community Planning,114863,183107
2023,Manager Community Safety Strategy,101739,160067
2023,Manager Community Wellbeing Strategies,114863,183107
2023,Manager Corporate Commercial and Finance,169442,199323
2023,Manager Corporate Coordinated Operations and Maintenance,101739,160067
2023,Manager Corporate Security,101739,160067
2023,Manager Corporate Strategy,101739,160067
2023,Manager Creative,101739,160067
2023,Manager Customer Advisory Services,101739,160067
2023,Manager Customer and Business Support,114863,183107
2023,Manager Customer Service and Contracts,101739,160067
2023,Manager Data and Account Services,101739,160067
2023,Manager Data and Analytics,101739,160067
2023,Manager Design,111913,176074
2023,Manager Development and Strategy,101739,160067
2023,Manager Development and Subdivision Application,101739,160067
2023,Manager Development Engineering,111913,176074
2023,Manager Development Services,114863,183107
2023,Manager Disposal and Processing Services,124627,198671
2023,Manager Drinking Water Distribution,124627,198671
2023,Manager Economics and Regulatory Affairs,101739,160067
2023,Manager Enabling Works and Construction,101739,160067
2023,Manager Engage Operations and Marketing,101739,160067
2023,Manager Engineer and Project Support,111913,176074
2023,Manager Enterprise Risk Management,101739,160067
2023,Manager Environmental Management,124627,198671
2023,Manager Facility Operations,101739,160067
2023,Manager Facility Planning,101739,160067
2023,Manager Field Support,114863,183107
2023,Manager Field Surveying Services,111913,176074
2023,Manager Finance Corporate Budget Office,114863,183107
2023,Manager Finance Corporate Financial Reporting,114863,183107
2023,Manager Finance (Pay Level G),101739,160067
2023,Manager Finance (Pay Level H),114863,183107
2023,Manager Financial Services,101739,160067
2023,Manager Fleet Maintenance,101739,160067
2023,Manager Fleet Safety and Performance,101739,160067
2023,Manager Geospatial Business Solutions,101739,160067
2023,Manager Government Relations,114863,183107
2023,Manager Growth and Change Strategy,114863,183107
2023,Manager Growth Funding and Investment,114863,183107
2023,Manager Growth Infrastructure Planning,124627,198671
2023,Manager Human Resources Business Advisory Services,114863,183107
2023,Manager Information Technology,101739,160067
2023,Manager Innovation Business and Resilience,101739,160067
2023,Manager Integration and Continuous Improvement,101739,160067
2023,Manager Investment and Marketing,114863,183107
2023,Manager Investment Management,101739,160067
2023,Manager Labour Relations,114863,183107
2023,Manager Land and Asset Management,114863,183107
2023,Manager Legal Services,169442,199323
2023,Manager Linear Infrastructure Delivery,124627,198671
2023,Manager Litigation and Expropriation,169442,199323
2023,Manager Major Mobility,111913,176074
2023,Manager Major Partners,101739,160067
2023,Manager Materials and Surface Restoration,124627,198671
2023,Manager Mobility Maintenance,114863,183107
2023,Manager Mobility Operations,124627,198671
2023,Manager Mobility Service Design,101739,160067
2023,Manager Municipal Law and Enforcement,169442,199323
2023,Manager Natural Environment and Adaptation,124627,198671
2023,Manager Neighbourhood Strategy,101739,160067
2023,Manager Operational Environmental Systems,101739,160067
2023,Manager Optimization Services,80640,183107
2023,Manager Parks Amenities and Customer Service,101739,160067
2023,Manager Parks and Open Spaces,101739,160067
2023,Manager Parks Service Design,101739,160067
2023,Manager Pay and Client Services,101739,160067
2023,Manager People and Culture,114863,183107
2023,Manager Performance Measurement and Reporting,101739,160067
2023,Manager Planning and Real Estate,169442,199323
2023,Manager Process Infrastructure Delivery,124627,198671
2023,Manager Procurement,114863,183107
2023,Manager Programming and Access,101739,160067
2023,Manager Public Spaces Project Development,111913,176074
2023,Manager Rail Systems and LRV,101739,160067
2023,Manager Real Estate Governance and Strategy,101739,160067
2023,Manager Recreation Service Delivery,101739,160067
2023,Manager Recreation Sports and Community Partners,101739,160067
2023,Manager Regional Planning,101739,160067
2023,Manager Risk and Compliance,101739,160067
2023,Manager Risk and Opportunity,101739,160067
2023,Manager Risk Management and Claims/CRIO,114863,183107
2023,Manager Safety Operations,101739,160067
2023,Manager Safety Programs Systems,101739,160067
2023,Manager Sales and Acquisitions,114863,183107
2023,Manager Service Excellence,101739,160067
2023,Manager Service Improvement,101739,160067
2023,Manager Service Strategies,101739,160067
2023,Manager Strategic Business Services,101739,160067
2023,Manager Strategic Services,101739,160067
2023,Manager Talent Management,114863,183107
2023,Manager Tax Receivables and Accounts Payable,114863,183107
2023,Manager Technical and Manufacturing Services,111913,176074
2023,Manager Total Rewards and Healthy Workplace,114863,183107
2023,Manager Transit Service Delivery,114863,183107
2023,Manager Transit Service Design,101739,160067
2023,Manager Transit Service Support,111913,176074
2023,Manager Transit Service Systems,124627,198671
2023,Manager Transit Service Vehicles,124627,198671
2023,Manager Treasury,114863,183107
2023,Manager Urban and Community Systems,124627,198671
2023,Manager Urban Design and Planning Services,101739,160067
2023,Manager Utilities Project Development,111913,176074
2023,Manager Valuation,101739,160067
2023,Manager Warehouse and Inventory,101739,160067
2023,Manager Wastewater Collection,124627,198671
2023,Manager Wastewater Treatment,124627,198671
2023,Manager Water Quality Services,114863,183107
2023,Manager Water Treatment,114863,183107
2023,Manager Workforce Strategy,101739,160067
2023,Manager Workforce Support,101739,160067
2023,Managing Lead Anti-Racism Program,114863,183107
2023,Market Analyst,80444,107544
2023,Marketing Strategist,80444,107544
2023,Market Strategist,80640,121760
2023,Master Indemnification Technician,83366,111426
2023,Measurement Analyst,72946,97497
2023,Mechanical and Pond Maintenance Worker,66315,73448
2023,Mechanical Engineering Technologist,72946,97497
2023,Mechanical Maintenance Worker CHC,66315,73448
2023,Mechanical Maintenance Worker (Pay Level 3),69805,77314
2023,Mechanical Maintenance Worker (Pay Level 4),72578,80443
2023,Meter Serviceman,66315,73448
2023,Meters Supervisor,72674,108190
2023,Milling Project Coordinator,76604,102411
2023,Millwright Apprentice*,65544,96179
2023,Millwright Journeyperson*,84614,104541
2023,Municipal Prosecutor,84412,112949
2023,Museum Assistant,64628,86432
2023,Neighbourhood Partnership Coordinator,76604,102411
2023,Network Technician,68778,92001
2023,Occupational Health Nurse,76604,102411
2023,Occupational Safety Project Specialist,80444,107544
2023,Open Data Strategist,72674,108190
2023,Operational Excellence Senior Manager,114863,183107
2023,Operational Support Coordinator,68778,92001
2023,Operations Analyst,64628,86432
2023,Operations and Maintenance Hydrant Technician,60661,81172
2023,Operations and Maintenance Planner,68778,92001
2023,Operations and Maintenance Supervisor (Pay Level D),72674,108190
2023,Operations and Maintenance Supervisor (Pay Level E),80640,121760
2023,Operations and Maintenance Technician,64628,86432
2023,Operations Asset Coordinator,68778,92001
2023,Operations Control Center Supervisor,72674,108190
2023,Operations Controller,64075,95513
2023,Operations Controller LRT,72674,108190
2023,Operations Coordinator,80640,121760
2023,Operations Leader,91425,140027
2023,Operations Strategist,80640,121760
2023,Operations Supervisor,72674,108190
2023,Operations Support Lead,80640,121760
2023,Organic Chemist,88725,118573
2023,Organizational Lead Anti-Racism,91425,140027
2023,Painter Journeyperson,76981,86154
2023,Paralegal,64628,86432
2023,Paralegal Real Estate,68778,92001
2023,PARIS Administrator,64628,86432
2023,Park Infrastructure Lead,80640,121760
2023,Parking Patrol and Investigation Officer,69326,92768
2023,Parking Strategist,91425,140027
2023,Park Plus Implementation Coordinator,72946,97497
2023,Parks Agreement Coordinator,80640,121760
2023,Parks Community Strategist (Pay Level 12),80444,107544
2023,Parks Community Strategist (Pay Level E),80640,121760
2023,Parks Crew Lead,66315,73448
2023,Parks Development Coordinator,84412,112949
2023,Parks Ecologist,80444,107544
2023,Parks Encroachment Administrator,60661,81172
2023,Parks Encroachment Specialist,76604,102411
2023,Parks Events Specialist,68778,92001
2023,Parks Inspector,83366,111426
2023,Parks Permit Specialist,64628,86432
2023,Parks Program Ambassador,56966,76185
2023,Parks Program Coordinator,68778,92001
2023,Parks Shift Supervisor,72674,108190
2023,Parks Trainer,68778,92001
2023,Parks Worker Irrigation Lead Hand,66315,73448
2023,Parks Worker (Pay Level 2),62837,69634
2023,Parks Worker (Pay Level 3),66315,73448
2023,Partnership Coordinator,76604,102411
2023,Partnership Liaison,72946,97497
2023,Parts Technician Journeyperson 1,80392,94598
2023,Parts Technician Journeyperson 2,86819,99528
2023,Pathway and Trail Lead,91425,140027
2023,Pathway and Trail Technician,68778,92001
2023,Patrol and Investigations Supervisor,64075,95513
2023,Pavement Management Coordinator,76604,102411
2023,Payment Card Industry Lead,80640,121760
2023,Payroll Administrator (Pay Level 6),56966,76185
2023,Payroll Administrator (Pay Level 7),60661,81172
2023,Payroll Administrator (Pay Level 8),64628,86432
2023,Payroll Analyst (Pay Level 10),72946,97497
2023,Payroll Analyst (Pay Level 9),68778,92001
2023,Pension and Benefit Analyst,72946,97497
2023,Pension Specialist,68778,92001
2023,Performance Management Technologist,76604,102411
2023,Performance Measurement Coordinator,76604,102411
2023,Photo Enforcement Officer,60661,81172
2023,Planner 1,76604,102411
2023,Planner 2,84412,112949
2023,Planning Analyst,72946,97497
2023,Planning and Development Analyst,68778,92001
2023,Planning and Safety Codes Customer Advisor,72946,97497
2023,Planning Designer,68778,92001
2023,Planning Engineering Technician,64628,86432
2023,Planning Legislative Advisor,64628,86432
2023,Planning Services Technician 1,64628,86432
2023,Planning Services Technician 2,68778,92001
2023,Planning Services Technician Lead,76604,102411
2023,Planning Technician,72946,97497
2023,Plant Maintainer 1,73008,81827
2023,Plant Maintainer 2,76669,85925
2023,Plant Maintenance Helper,56948,63054
2023,Plant Maintenance Man*,62837,73299
2023,Plant Maintenance Project Lead,72674,108190
2023,Plant Maintenance Supervisor,72674,108190
2023,Plant Maintenance Support,61547,68869
2023,Plant Operations Supervisor,80640,121760
2023,Plant Operator 1,69805,77314
2023,Plant Operator 2,77314,77314
2023,Plant Operator 3,83678,92747
2023,Plant Operator Boiler,76398,84677
2023,Plant Operator Intermediate,74801,74801
2023,Plant Operator Junior,69634,69634
2023,Plant Operator Senior,80959,89733
2023,Plant Operator Trainee (Pay Level 1),56948,63054
2023,Plant Operator Trainee (Pay Level 2),66144,73299
2023,Playfield Coordinator,76604,102411
2023,Plumber Apprentice,62402,86984
2023,Plumber Journeyperson,84614,94723
2023,Plumber Journeyperson CHC,85363,94552
2023,Policy Advisor (Pay Level 11),76604,102411
2023,Policy Advisor (Pay Level 8),64628,86432
2023,Policy and Administrative Lead,64075,95513
2023,Policy and Procedures Administrator,76604,102411
2023,Policy Coordinator,64628,86432
2023,Portfolio Manager,91425,140027
2023,Positioning and Navigation Specialist,84412,112949
2023,Pre-Employment Drug Testing Program Leader,80640,121760
2023,President CHC,136000,207000
2023,Preventative Maintenance Coordinator,64628,86432
2023,Preventative Maintenance Person,63606,71240
2023,Printing Coordinator,60661,81172
2023,Process Accountant,60661,81172
2023,Process Coordinator,72674,108190
2023,Process Manager,80640,121760
2023,Process Manager Incident Management,80640,121760
2023,Process Specialist,72946,97497
2023,Procurement and Contract Specialist,72946,97497
2023,Production Artist,64628,86432
2023,Production Coordinator,80444,107544
2023,Production Liaison Specialist,87547,117042
2023,Production Specialist,68778,92001
2023,Professional Wellness and Development Coordinator CHC,72946,97497
2023,Program Coordinator,64075,95513
2023,Program Development Consultant,91425,140027
2023,Program Initiatives Lead,91425,140027
2023,Program Lead Resilience Strategies,91425,140027
2023,Program Lead Strategic Foresight,91425,140027
2023,Program Manager Desktop Architecture,91425,140027
2023,Program Manager Identity Management,91425,140027
2023,Program Manager Information Technology,91425,140027
2023,Program Manager (Pay Level 13),84412,112949
2023,Program Manager (Pay Level F),91425,140027
2023,Program Manager (Pay Level G),101739,160067
2023,Programmer Analyst (Pay Level 11),76604,115497
2023,Programmer Analyst (Pay Level 8),64628,86432
2023,Programmer Analyst (Pay Level 9),68778,92001
2023,Program Planner,80444,107544
2023,Program Planner and Implementation Steward,80444,107544
2023,Programs and Services Coordinator,72674,108190
2023,Program Support Administrator,64628,86432
2023,Project and Development Coordinator,88725,118573
2023,Project Controls Analyst,64628,86432
2023,Project Controls Analyst CHC,72946,97497
2023,Project Controls Leader,72674,108190
2023,Project Controls Senior Manager,114863,183107
2023,Project Coordinator*,76604,117042
2023,Project Cost Control Coordinator,68778,92001
2023,Project Cost Control Specialist,64628,86432
2023,Project Geologist,80640,121760
2023,Project Hydrogeologist,80640,121760
2023,Project Inspector CHC,64628,86432
2023,Project Management Consultant (Pay Level 11),76604,102411
2023,Project Management Consultant (Pay Level E),80640,121760
2023,Project Manager CHC (Pay Level 12),80444,107544
2023,Project Manager CHC (Pay Level 13),84412,112949
2023,Project Manager (Pay Level 11),76604,102411
2023,Project Manager (Pay Level 12),80444,107544
2023,Project Manager (Pay Level 13),84412,112949
2023,Project Manager (Pay Level E),80640,121760
2023,Project Manager (Pay Level F),91425,140027
2023,Project Reporting Coordinator (Pay Level 8),64628,86432
2023,Project Reporting Coordinator (Pay Level 9),68778,92001
2023,Project Reporting Team Lead,80640,121760
2023,Project Researcher,64628,86432
2023,Projects Technician,87547,117042
2023,Property Manager,72946,97497
2023,Property Manager CHC (Pay Level 10),72946,97497
2023,Property Manager CHC (Pay Level 9),68778,92001
2023,Property Processor,69805,77314
2023,Public Art Collection Specialist,68778,92001
2023,Public Art Conservator,76604,102411
2023,Public Art Liaison,80640,121760
2023,Public Information Officer,128856,128856
2023,Public Program Coordinator,72946,97497
2023,Public Realm Lead,91425,140027
2023,Public Relations and Partnerships Senior Manager,101739,160067
2023,Public Safety and Enforcement Analyst,76604,102411
2023,Public Safety and Enforcement Officer,76604,102411
2023,Public Safety Lead Anti-Racism,91425,140027
2023,Public Safety Project Manager,80444,107544
2023,Public Safety Systems Architect,80444,107544
2023,Public Safety Technical Analyst,84412,112949
2023,Quality Assurance Administrator,64628,86432
2023,Quality Assurance Analyst,68778,92001
2023,Quality Assurance and Accreditation Strategist,80640,121760
2023,Quality Assurance Inspector,64628,86432
2023,Quality Assurance Lead,72946,97497
2023,Quality Assurance Technician,76604,102411
2023,Quality Improvement Lead Specialist,94749,94749
2023,Quality Management Coordinator,80640,121760
2023,Quality Senior Manager,122183,194775
2023,Rail Systems Technician,64628,86432
2023,Real Estate Portfolio Lead,80640,121760
2023,Real Estate Senior Manager,114863,183107
2023,Real Estate Strategist CHC,80444,107544
2023,Realignment Implementation Program Manager,91425,140027
2023,Records and Information Management Coordinator,72674,108190
2023,Records Management Support CHC,68778,92001
2023,Records Management Support (Pay Level 10),72946,97497
2023,Records Management Support (Pay Level 11),76604,102411
2023,Records Management Support (Pay Level 3),45427,60752
2023,Records Management Support (Pay Level 5),53526,71526
2023,Records Management Support (Pay Level 6),54072,76185
2023,Records Management Support (Pay Level 7),60661,81172
2023,Records Management Support (Pay Level 8),64628,86432
2023,Records Management Support (Pay Level 9),68778,92001
2023,Recreation Planning Specialist,80444,107544
2023,Recreation Program Advisor,64628,86432
2023,Recreation Program Coordinator,76604,102411
2023,Recreation Program Specialist,68778,92001
2023,Recruitment Analyst,68778,92001
2023,Recruitment Coordinator,141128,141128
2023,Recruitment Officer,64075,95513
2023,Recruitment Specialist,60661,81172
2023,Regulatory Analyst,80640,121760
2023,Regulatory Program Specialist,76604,102411
2023,Rental Coordinator,68778,92001
2023,Rent Supplement Coordinator CHC,72674,108190
2023,Repair and Maintenance Operations Supervisor,72674,108190
2023,Repair and Response Operations Supervisor,72674,108190
2023,Repairman Bridges,72578,80443
2023,Reporting and Analytics Lead,80640,121760
2023,Research Analyst (Pay Level 7),60661,81172
2023,Research Analyst (Pay Level 9),68778,92001
2023,Research and Development Analyst,68778,92001
2023,Research and Policy Technician,60661,81172
2023,Research Coordinator,80444,107544
2023,Research Policy Planner,80640,121760
2023,Research Social Planner,84412,112949
2023,Residential Collection Driver,66315,73448
2023,Resilience Officer,141128,141128
2023,Resilient Building Coordinator,80640,121760
2023,Retirement Analyst,72946,97497
2023,Revenue Programs Administrator,61389,82027
2023,Risk Analyst,60661,81172
2023,Roadmarking Lifecycle Technician,72946,97497
2023,Roadmaster Track and Way,64075,95513
2023,Roads Design and Development Technologist,80444,107544
2023,Roads Subdivision Officer,96470,129085
2023,Route Planning Analyst,72946,97497
2023,Safety Advisor*,80444,122907
2023,Safety Assurance Specialist,80444,107544
2023,Safety Codes Officer,80444,107544
2023,Safety Codes Officer Electrical (Pay Level 12),102411,107544
2023,Safety Codes Officer Electrical (Pay Level 15),117042,122907
2023,Safety Compliance Senior Manager,122183,194775
2023,Safety Information Officer,72946,97497
2023,Safety Patrol Boat Operator,66315,73448
2023,Safety Patrol Boat Operator Senior,72578,80443
2023,Safe Workplace Program Coordinator,80640,121760
2023,Sales Agent,76604,102411
2023,Sales and Account Management Associate,80444,107544
2023,SAP Ariba Administrator,76604,102411
2023,Scanning and Imaging Technician,53526,71526
2023,Schedule and Workforce Supervisor,64075,95513
2023,Scheduler,60661,81172
2023,Scheduling Analyst,68778,92001
2023,Scheduling Coordinator,60661,81172
2023,Scheduling Lead,91425,140027
2023,Scheduling Supervisor,72674,108190
2023,Seasonal Employment Coordinator,68778,92001
2023,Security Advisor,80640,121760
2023,Security Control Analyst,68778,92001
2023,Security Coordinator,60661,81172
2023,Security Guard,61173,81744
2023,Security Operations Section Lead,80640,121760
2023,Security Operations Supervisor (Pay Level C),64075,95513
2023,Security Operations Supervisor (Pay Level D),72674,108190
2023,Security Systems Administrator,68778,92001
2023,Security Systems Section Lead,80640,121760
2023,Senior Access Planner,80640,121760
2023,Senior Addressing Analyst,68778,92001
2023,Senior Address Planning Analyst,76604,102411
2023,Senior Administrator Business Services,68778,92001
2023,Senior Advisor Corporate Finance,91425,140027
2023,Senior Architect,91425,140027
2023,Senior Assessor,93038,124470
2023,Senior Asset Management GIS Technician,76604,102411
2023,Senior Auditor,91425,140027
2023,Senior Biology Laboratory Technician,76604,102411
2023,Senior Business Analyst Capital Budget,68778,92001
2023,Senior Business Analyst Revenue Control Accounts Receivable CHC,60661,81172
2023,Senior Business Experience Representative,68778,92001
2023,Senior Buyer,80444,118282
2023,Senior Buyer CHC,80444,118282
2023,Senior Cash Processor,61797,82659
2023,Senior Change Controller,64628,86432
2023,Senior Claims Adjuster,72674,108190
2023,Senior Commercial Leasing Agent,84412,112949
2023,Senior Concrete Leader,91425,140027
2023,Senior Consultant,91425,140027
2023,Senior Coordinator,70168,93840
2023,Senior Corporate Consultant,91425,140027
2023,Senior Corporate Economist,91425,140027
2023,Senior Corporate Financial Analyst,68778,92001
2023,Senior Corporate Financial Planner,101739,160067
2023,Senior Corporate Research Analyst,72674,108190
2023,Senior Corrosion Technician,83366,111426
2023,Senior CPIC Court Clerk,73861,98779
2023,Senior Data Analysis Technician,76604,102411
2023,Senior Data Analyst,65302,87360
2023,Senior Data Analytics Auditor,91425,140027
2023,Senior Data Analytics Strategist,84412,112949
2023,Senior Database Technology Analyst,76604,115497
2023,Senior Data Collection Technician,72946,97497
2023,Senior Department Accountant,80444,107544
2023,Senior Development Inspector,84412,112949
2023,Senior Dispatcher,72674,108190
2023,Senior Emergency Communications Dispatcher*,86141,103369
2023,Senior Emergency Communications Officer*,83629,100355
2023,Senior Energy Management Environmental Conservation Technician,80444,107544
2023,Senior Engineering Technologist,80444,107544
2023,Senior Enterprise Architect,91425,140027
2023,Senior Executive Advisor,91425,140027
2023,Senior Facilities Planner,80640,121760
2023,Senior Facility Attendant,72578,80443
2023,Senior Financial Accountant,68778,92001
2023,Senior Firefighter,109418,109418
2023,Senior Fleet Asset Administrator,68778,92001
2023,Senior Geospatial Analyst,76604,102411
2023,Senior Geospatial Technician Cartography,76604,102411
2023,Senior Geospatial Technician Drafting,76604,102411
2023,Senior Graphic Designer,72946,97497
2023,Senior Growth Management Planner,80640,121760
2023,Senior Growth Strategist,91425,140027
2023,Senior Human Resources Associate,68778,92001
2023,Senior Innovation Designer,80444,107544
2023,Senior Interior Designer,76604,102411
2023,Senior Investment Analyst,80444,107544
2023,Senior Laboratory Technician,72946,97497
2023,Senior Land Inventory Specialist,76604,102411
2023,Senior Leader Corporate Finance,101739,160067
2023,Senior Leader Investments,101739,160067
2023,Senior Leader Learning and Development,91425,140027
2023,Senior Leader PMP Wheel Truing Attendant,70138,78478
2023,Senior Local Improvement Administrator,72946,97497
2023,Senior Manager Systems LRV Operations and Maintenance,122183,194775
2023,Senior Master Indemnification Technician,91936,122907
2023,Senior Microbiologist,88725,118573
2023,Senior Network Administrator,80444,107544
2023,Senior Operator,79494,88110
2023,Senior PARIS Administrator,68778,92001
2023,Senior Paving Leader,91425,140027
2023,Senior Planner,80640,121760
2023,Senior Planning Services Technician,72946,97497
2023,Senior Planning Technician,76604,102411
2023,Senior Plants Leader,91425,140027
2023,Senior Policy Advisor,80444,107544
2023,Senior Process Accountant,68778,92001
2023,Senior Recruitment Specialist,64628,86432
2023,Senior Regulatory Analyst,91425,140027
2023,Senior Risk Analyst,76604,102411
2023,Senior Risk Strategist,91425,140027
2023,Senior Safety Codes Officer,88725,118573
2023,Senior Safety Codes Officer Electrical,135512,135512
2023,Senior Sales Agent,84412,112949
2023,Senior Scheduler,72674,108190
2023,Senior Security Analyst,72674,108190
2023,Senior Signals Electrician/Technician Journeyperson,114608,114608
2023,Senior Site Manager CHC,72946,97497
2023,Senior Soccer Centre Attendant,66315,73448
2023,Senior Storeman,74027,91374
2023,Senior Strategist,91425,140027
2023,Senior Surface Improvement Inspector,87547,117042
2023,Senior Systems Administrator,72946,97497
2023,Senior Systems Analyst,84412,112949
2023,Senior Technical Advisor,91425,140027
2023,Senior Technical Advisor LRV and Integration,91425,140027
2023,Senior Technician,72946,97497
2023,Senior Traffic Engineering Technician,80444,107544
2023,Senior Transit Planner,80640,121760
2023,Senior Transportation Planning Technician,80444,107544
2023,Senior User Experience Architect,72946,97497
2023,Senior Water Management Development Coordinator,96470,129085
2023,Senior Water Policy Planner,84412,112949
2023,Senior Water Quality Monitoring Technician,80444,107544
2023,Senior Water Resources Planner,84412,112949
2023,Senior Watershed and Water Resources Specialist,80444,107544
2023,Senior Watershed Biologist,93038,124470
2023,Senior Watershed Planner,84412,112949
2023,Senior Works Inspector,83366,111426
2023,Septic Dump Station Attendant,56948,63054
2023,Sergeant Bylaw Services,76604,102411
2023,Sergeant Calgary Transit,80444,107544
2023,Sergeant Taxi Inspections,87547,117042
2023,Service Advisor,65811,88005
2023,Service Camera Technician,69326,92768
2023,Service Contract Coordinator,68778,92001
2023,Service Delivery Consultant,80640,121760
2023,Service Governance Coordinator,91425,140027
2023,Service Performance Research Analyst,72946,97497
2023,Service Quality Lead,72674,108190
2023,Shift Supervisor,72674,108190
2023,Shop Labourer,60029,60029
2023,Shop Lead,111779,111779
2023,Shop Technician,69805,77314
2023,Shop Worker,66315,73448
2023,Signals Electrician/Technician Journeyperson,106122,106122
2023,Sign Manufacturer (Pay Level 2),62837,69634
2023,Sign Manufacturer (Pay Level 3),66315,73448
2023,Sign Manufacturer (Pay Level 4),72578,80443
2023,Site Manager CHC,64628,86432
2023,Small Equipment Storeperson,61173,81744
2023,Small Equipment Storeperson Driver,51917,69430
2023,Small Motor Mechanic,72578,80443
2023,Soccer Centre Attendant,62837,69634
2023,Social Programs Coordinator,80444,107544
2023,Social Programs Specialist,68778,92001
2023,Social Research Policy Analyst,72946,97497
2023,Social Worker,76604,102411
2023,Special Advisor to Director,80640,121760
2023,Special Projects Leader,91425,140027
2023,Special Services Technician,68778,92001
2023,Specifications Officer,128856,128856
2023,Sports Coordinator,76604,102411
2023,Staffing Liaison Coordinator,64075,95513
2023,Storeman,65250,80558
2023,Storeperson,61173,81744
2023,Storeworker,66315,73448
2023,Storeworker CHC,66315,73448
2023,Stormwater Pollution Prevention Specialist,80444,107544
2023,Strategic Business Analyst,80640,121760
2023,Strategic Legislative Analyst,72674,108190
2023,Strategist,80640,121760
2023,Strategy Liaison,68778,92001
2023,Streetlight Design Coordinator,80640,121760
2023,Streetlight Design Technician,76604,102411
2023,Submittals Coordination Lead,80640,121760
2023,Superintendent Commercial Collection,80640,121760
2023,Superintendent Programs,80640,121760
2023,Superintendent Recreation Service Delivery,80640,121760
2023,Superintendent Residential Collection,80640,121760
2023,Supervisor Calgro Operations,80640,121760
2023,Supervisor Contact Center,64075,95513
2023,Supervisor Contract Management Accountability,72674,108190
2023,Supervisor Disposal Processing,64075,95513
2023,Supervisor Electrical Maintenance,80640,121760
2023,Supervisor Parks Programming,80640,121760
2023,Supervisor Photo Enforcement,64075,95513
2023,Supervisor Sales Special Programs,72674,108190
2023,Supervisor Service Counter,64075,95513
2023,Supervisor Workforce Planning,72674,108190
2023,Supplier Support Advisor,56966,76185
2023,Supply Chain Analyst,68778,92001
2023,Supply Chain Planner,80444,107544
2023,Surface Improvements Inspector*,72946,111426
2023,Survey Coordinator,80444,107544
2023,Survey Drafting Specialist,68778,92001
2023,Survey Equipment Technician,60661,81172
2023,Surveyor,76604,102411
2023,Surveyor Assistant,60661,81172
2023,Sustainability Consultant,80640,121760
2023,Swamper Equipment Operator Crane Truck,56948,63054
2023,Swim and Lifesaving Instructor Trainer,66315,73448
2023,Swim Instructor,66315,73448
2023,Systems Administrator 1,68778,92001
2023,Systems Administrator 2,80444,121430
2023,Systems Administrator 3,80640,121760
2023,Systems Control Coordinator,91936,122907
2023,Systems Control Technician,87547,117042
2023,Systems Electrical Control Technician,114608,114608
2023,Tangible Capital Assets Coordinator,72674,108190
2023,Tangible Capital Assets Finance Analyst,72674,108190
2023,Tangible Capital Assets Financial Policy Consultant,80640,121760
2023,Tangible Capital Assets Process and Policy Lead,80640,121760
2023,Tangible Capital Assets Reporting Lead,80640,121760
2023,Tangible Capital Assets Strategic Business Analyst,72946,97497
2023,Tax Account Maintenance Adjustor,56966,76185
2023,Tax Billing and Adjustment Analyst,60661,81172
2023,Tax Services Advisor,56966,76185
2023,Team Coordinator,91425,140027
2023,Team Coordinator Safety and Training,91425,140027
2023,Team Lead Accounts Payable,72674,108190
2023,Team Lead Analytics,91425,140027
2023,Team Lead Business Approvals,72674,108190
2023,Team Lead Business Improvement,91425,140027
2023,Team Lead Business Performance Meter,72674,108190
2023,Team Lead Business Planning and Performance (Pay Level E),80640,121760
2023,Team Lead Business Planning and Performance (Pay Level F),91425,140027
2023,Team Lead Business Support,80640,121760
2023,Team Lead Business Technology Sustainment,80640,121760
2023,Team Lead Capital Conservation Grant,80640,121760
2023,Team Lead Capital Inspections,84412,112949
2023,Team Lead Cash Processing,64075,95513
2023,Team Lead Cathodic Protection,91936,122907
2023,Team Lead Citizen Programs,80640,121760
2023,Team Lead Communication Funding Strategies,91425,140027
2023,Team Lead Community Based Strategies,91425,140027
2023,Team Lead Community Social Development,80640,121760
2023,Team Lead Compliance,80640,121760
2023,Team Lead Customer Inquiries and Analysis,72674,108190
2023,Team Lead Customer Relations and Agreements,91425,140027
2023,Team Lead Customer Service and Technology,91425,140027
2023,Team Lead Data and Technology,91425,140027
2023,Team Lead Data Strategies,80640,121760
2023,Team Lead Demographics and Evaluation,91425,140027
2023,Team Lead Employee Support,80640,121760
2023,Team Lead Environmental Compliance,91425,140027
2023,Team Lead Equity Program,91425,140027
2023,Team Leader Close Protection,91425,140027
2023,Team Leader Corporate Accounts Receivable,72946,97497
2023,Team Leader Corporate Billing,72946,97497
2023,Team Leader Corporate Cash Payments,64075,95513
2023,Team Leader Corporate Credit and Collections,76604,102411
2023,Team Leader Fleet,80640,121760
2023,Team Leader Manufacturing,80640,121760
2023,Team Leader Strategy and Business Evolution,91425,140027
2023,Team Leader Technology and Information,80640,121760
2023,Team Lead Festival and Event Planning,91425,140027
2023,Team Lead Fleet Maintenance,91425,140027
2023,Team Lead Fleet Training,80640,121760
2023,Team Lead Homelessness and Downtown Initiatives,91425,140027
2023,Team Lead Indigenous Relations,91425,140027
2023,Team Lead Industrial Monitoring,91425,140027
2023,Team Lead Information Management,80640,121760
2023,Team Lead Information Management Security,91425,140027
2023,Team Lead Information Security Compliance and Advisory Services,91425,140027
2023,Team Lead Information Security Operations,91425,140027
2023,Team Lead Innovation Practice and Projects,80640,121760
2023,Team Lead Integrity and Advisory Services,91425,140027
2023,Team Lead Investigations,91425,140027
2023,Team Lead Key Accounts,80640,121760
2023,Team Lead Laboratory Instrumentation,80640,121760
2023,Team Lead Laboratory Operations,80640,121760
2023,Team Lead Maintenance Operations,80640,121760
2023,Team Lead Microbiology,80640,121760
2023,Team Lead Neighbourhood Partnership Coordinator,80640,121760
2023,Team Lead Operational Assurance,80640,121760
2023,Team Lead Operations,91425,140027
2023,Team Lead Partner Capital Projects,91425,140027
2023,Team Lead Performance Improvement,91425,140027
2023,Team Lead Physical,91425,140027
2023,Team Lead Prevention Investments,80640,121760
2023,Team Lead Recreation and Sports Partnerships,80640,121760
2023,Team Lead Resource Strategy,91425,140027
2023,Team Lead Security Risk Analysis and Design,91425,140027
2023,Team Lead Service Improvements,80640,121760
2023,Team Lead Service Levels,91425,140027
2023,Team Lead Service Provision and Land Planning,91425,140027
2023,Team Lead Services Strategy and Programs,91425,140027
2023,Team Lead Social and Neighbourhood Program Development,80640,121760
2023,Team Lead Social Support,80640,121760
2023,Team Lead Social Wellbeing Initiatives,91425,140027
2023,Team Lead Stormwater Pollution,91425,140027
2023,Team Lead Strategic Planning and Employee Development,91425,140027
2023,Team Lead Subdivision Inspections,80640,121760
2023,Team Lead Sustainability Planning and Evaluation,91425,140027
2023,Team Lead Tax Account Maintenance,68778,92001
2023,Team Lead Tax Advisory Services,72946,97497
2023,Team Lead Technical Services,91425,140027
2023,Team Lead Transit Access Eligibility,80640,121760
2023,Team Lead Water Facilities,80640,121760
2023,Team Lead Wholly Owned Subsidiaries,91425,140027
2023,Technical Advisor,72691,97243
2023,Technical Analyst,84412,127546
2023,Technical Assistant,84614,94723
2023,Technical Coordinator,91936,122907
2023,Technical Lead Planner,80640,121760
2023,Technical Security Systems Dispatch Administrator,56966,76185
2023,Technical Security Systems Specialist,64628,86432
2023,Technical Services Coordinator CHC,80640,121760
2023,Technical Services Lead,80640,121760
2023,Technical Services Officer,128856,128856
2023,Technical Teams Coordinator,141128,141128
2023,Technical Writer (Pay Level 10),72946,97497
2023,Technical Writer (Pay Level 8),64628,86432
2023,Technical Writer (Pay Level 9),68778,92001
2023,Technical Writing and Media Specialist,68778,92001
2023,Technology Coordinator CHC,80640,121760
2023,Telecommunications Specialist,64628,86432
2023,Telecommunications Technologist (Pay Level 10),72946,97497
2023,Telecommunications Technologist (Pay Level 11),76604,102411
2023,Telephone Services and Dispatch Operator,61849,82715
2023,Temporary Employment Services Agency Coordinator,72674,108190
2023,Tenant Liaison CHC,72946,97497
2023,Tire Repair Person,63606,71240
2023,Tire Repair Person Lead Hand,70138,78478
2023,Trace Analyst,72946,97497
2023,Track Maintainer,65811,73778
2023,Trades Foreman,80640,121760
2023,Trade Support Foreman,69826,86195
2023,Traffic Collision Analyst Technician,76604,102411
2023,Traffic Control and Parking Coordinator,80640,121760
2023,Traffic Controller,62837,69634
2023,Traffic Engineering Technician 1,64628,86432
2023,Traffic Engineering Technician 2,76604,102411
2023,Traffic Leader Technical Service Delivery,91425,140027
2023,Traffic Operations Supervisor,80640,121760
2023,Traffic Signals Technician,68778,92001
2023,Training Lead (Pay Level D),72674,108190
2023,Training Lead (Pay Level E),80640,121760
2023,Training Officer,76398,84677
2023,Training Specialist (Pay Level 10)*,72946,111426
2023,Training Specialist (Pay Level 11),76604,102411
2023,Training Specialist (Pay Level 12),80444,107544
2023,Training Specialist (Pay Level 7),57585,77004
2023,Training Specialist (Pay Level 8),64628,86432
2023,Training Specialist (Pay Level 9)*,68778,105144
2023,Transit GIS and Research Specialist,76604,102411
2023,Transition Manager,114863,183107
2023,Transit Operations Supervisor,72674,108190
2023,Transit Operator*,45568,71195
2023,Transit Operator Trainee,53391,53391
2023,Transit Planner,76604,102411
2023,Transit Scheduler,65302,87360
2023,Transit Training Officer,64075,95513
2023,Transportation Education Planner Specialist,72946,97497
2023,Transportation Environmental Technologist,80444,107544
2023,Transportation Planner,80640,121760
2023,Transportation Planning Strategist,91425,140027
2023,Treasury Operations and Compliance Analyst,72946,97497
2023,Tribunal Analyst,68778,92001
2023,Tribunal Coordinator,80640,121760
2023,Truck and Transport Apprentice,61568,89981
2023,Truck and Transport Mechanic Journeyperson 1,84614,94723
2023,Truck and Transport Mechanic Journeyperson 2,88837,99466
2023,Truck Driver Aerial,66315,73448
2023,Truck Driver Tandem (Pay Level 1),56948,63054
2023,Truck Driver Tandem (Pay Level 2),62837,69634
2023,Ultra Violet Specialist,69826,86195
2023,United Way Employee Program Lead,80444,107544
2023,Urban Conservation Lead,91425,140027
2023,Urban Forestry Lead,91425,140027
2023,Urban Forestry Superintendent,80640,121760
2023,Urban Forestry Technician,76604,102411
2023,Urban Forestry Technician Supervisor,80640,121760
2023,Urban Strategy Lead,91425,140027
2023,User Experience Architect,68778,92001
2023,Utilities Call Centre Coordinator,76604,102411
2023,Utilities Planning Specialist,72946,97497
2023,Utility Baseline Document Coordinator,80640,121760
2023,Utility Damage Prevention Coordinator,72578,80443
2023,Utility Inspector,83366,111426
2023,Utility Worker,62837,69634
2023,Valuation Specialist,84412,112949
2023,Vehicle and Equipment Coordinator (Pay Level 10),72946,97497
2023,Vehicle and Equipment Coordinator (Pay Level D),72674,108190
2023,Veterinarian,80640,121760
2023,Veterinary Assistant,66315,73448
2023,Vice President Business Strategy CHC,101739,160067
2023,Vice President Customer Experience CHC,101739,160067
2023,Vice President Portfolio Management and Executive Operating Officer CHC,101739,160067
2023,Video Analyst,64075,95513
2023,Video Design Specialist,72946,97497
2023,Video Operator Mainline,66315,73448
2023,Visualization Data Strategist,76604,102411
2023,Vocational Rehabilitation Consultant,80444,107544
2023,Volunteer Coordinator,68778,92001
2023,Waste and Recycling Educator,64628,86432
2023,Waste Diversion Specialist,80444,107544
2023,Waste Diversion Technologist,72946,97497
2023,Water Educator,56966,76185
2023,Water Efficiency Public Program Coordinator,76604,102411
2023,Water Facilities Worker,66315,73448
2023,Waterjet Operator,69805,77314
2023,Water Management Control Coordinator,91936,122907
2023,Water Management Development Coordinator,83366,111426
2023,Water Management Lead,80640,121760
2023,Water Management Superintendent,80640,121760
2023,Water Management Technician,72946,97497
2023,Water Quality Monitoring Technician,68778,92001
2023,Water Resources Planner,76604,102411
2023,WATSUN Program Manager,101739,160067
2023,Web Designer,61389,82027
2023,Welder Journeyperson,84614,99528
2023,Wellness Consultant,72691,97243
2023,Wellness Medical Administrator,64628,86432
2023,Whistleblower Program Investigator,80640,121760
2023,Whistleblower Program Manager,91425,140027
2023,Wireless Infrastructure Deployment Supervisor,80640,121760
2023,Workforce Coordinator,64628,86432
2023,Workforce Data Analyst,64628,86432
2023,Workforce Management Lead,80640,121760
2023,Workforce Planning Analyst,72674,108190
2023,Working Foreman/Lead Hand,120349,120349
2023,Works Inspector*,68778,105144
2023,Workspace Planner,68778,92001
2023,Yard Custodian Lead Hand,76398,84677
2023,Youth and Family Support Worker,64628,86432
2023,Youth Employment Counsellor,68778,92001
2023,Youth Justice Coordinator,88725,118573
2023,Zone Superintendent,80640,121760
2023,Zookeeper 1,66144,73299
2023,Zookeeper 2,69805,77314
